Time,Value,MEASURE,Description
2009,6946,CABEE_2,Number of Businesses - Number of non-employing businesses (no.)
2010,7207,CABEE_2,Number of Businesses - Number of non-employing businesses (no.)
2011,7069,CABEE_2,Number of Businesses - Number of non-employing businesses (no.)
2012,7026,CABEE_2,Number of Businesses - Number of non-employing businesses (no.)
2013,6809,CABEE_2,Number of Businesses - Number of non-employing businesses (no.)
2013,2950,CABEE_3,Number of Businesses - Number of employing businesses: 1-4 employees (no.)
2013,1647,CABEE_4,Number of Businesses - Number of employing businesses: 5 or more employees (no.)
2009,11573,CABEE_5,Number of Businesses - Total number of businesses (no.)
2010,11835,CABEE_5,Number of Businesses - Total number of businesses (no.)
2011,11749,CABEE_5,Number of Businesses - Total number of businesses (no.)
2012,11703,CABEE_5,Number of Businesses - Total number of businesses (no.)
2013,11406,CABEE_5,Number of Businesses - Total number of businesses (no.)
2009,869,CABEE_7,Business Entries - Number of non employing business entries (no.)
2010,1034,CABEE_7,Business Entries - Number of non employing business entries (no.)
2011,789,CABEE_7,Business Entries - Number of non employing business entries (no.)
2012,766,CABEE_7,Business Entries - Number of non employing business entries (no.)
2013,648,CABEE_7,Business Entries - Number of non employing business entries (no.)
2009,275,CABEE_8,Business Entries - Number of employing business entries: 1-4 employees (no.)
2010,307,CABEE_8,Business Entries - Number of employing business entries: 1-4 employees (no.)
2011,311,CABEE_8,Business Entries - Number of employing business entries: 1-4 employees (no.)
2012,269,CABEE_8,Business Entries - Number of employing business entries: 1-4 employees (no.)
2013,288,CABEE_8,Business Entries - Number of employing business entries: 1-4 employees (no.)
2009,117,CABEE_9,Business Entries - Number of employing business entries: 5 or more employees (no.)
2010,121,CABEE_9,Business Entries - Number of employing business entries: 5 or more employees (no.)
2011,114,CABEE_9,Business Entries - Number of employing business entries: 5 or more employees (no.)
2012,117,CABEE_9,Business Entries - Number of employing business entries: 5 or more employees (no.)
2013,59,CABEE_9,Business Entries - Number of employing business entries: 5 or more employees (no.)
2009,1261,CABEE_10,Business Entries - Total number of business entries (no.)
2010,1462,CABEE_10,Business Entries - Total number of business entries (no.)
2011,1214,CABEE_10,Business Entries - Total number of business entries (no.)
2012,1152,CABEE_10,Business Entries - Total number of business entries (no.)
2013,995,CABEE_10,Business Entries - Total number of business entries (no.)
2009,1129,CABEE_12,Business Exits - Number of non employing business exits (no.)
2010,888,CABEE_12,Business Exits - Number of non employing business exits (no.)
2011,997,CABEE_12,Business Exits - Number of non employing business exits (no.)
2012,917,CABEE_12,Business Exits - Number of non employing business exits (no.)
2013,984,CABEE_12,Business Exits - Number of non employing business exits (no.)
2009,226,CABEE_13,Business Exits - Number of employing business exits: 1-4 employees (no.)
2010,193,CABEE_13,Business Exits - Number of employing business exits: 1-4 employees (no.)
2011,195,CABEE_13,Business Exits - Number of employing business exits: 1-4 employees (no.)
2012,191,CABEE_13,Business Exits - Number of employing business exits: 1-4 employees (no.)
2013,236,CABEE_13,Business Exits - Number of employing business exits: 1-4 employees (no.)
2009,138,CABEE_14,Business Exits - Number of employing business exits: 5 or more employees (no.)
2010,119,CABEE_14,Business Exits - Number of employing business exits: 5 or more employees (no.)
2011,108,CABEE_14,Business Exits - Number of employing business exits: 5 or more employees (no.)
2012,103,CABEE_14,Business Exits - Number of employing business exits: 5 or more employees (no.)
2013,85,CABEE_14,Business Exits - Number of employing business exits: 5 or more employees (no.)
2009,1493,CABEE_15,Business Exits - Total number of business exits (no.)
2010,1200,CABEE_15,Business Exits - Total number of business exits (no.)
2011,1300,CABEE_15,Business Exits - Total number of business exits (no.)
2012,1211,CABEE_15,Business Exits - Total number of business exits (no.)
2013,1305,CABEE_15,Business Exits - Total number of business exits (no.)
2009,2240,CABEE_19,"Number of Businesses by Industry - Agriculture, Forestry and Fishing (no.)"
2010,2219,CABEE_19,"Number of Businesses by Industry - Agriculture, Forestry and Fishing (no.)"
2011,2165,CABEE_19,"Number of Businesses by Industry - Agriculture, Forestry and Fishing (no.)"
2012,2108,CABEE_19,"Number of Businesses by Industry - Agriculture, Forestry and Fishing (no.)"
2013,2066,CABEE_19,"Number of Businesses by Industry - Agriculture, Forestry and Fishing (no.)"
2009,22,CABEE_28,Number of Businesses by Industry - Mining (no.)
2010,22,CABEE_28,Number of Businesses by Industry - Mining (no.)
2011,26,CABEE_28,Number of Businesses by Industry - Mining (no.)
2012,26,CABEE_28,Number of Businesses by Industry - Mining (no.)
2013,23,CABEE_28,Number of Businesses by Industry - Mining (no.)
2009,544,CABEE_27,Number of Businesses by Industry - Manufacturing (no.)
2010,539,CABEE_27,Number of Businesses by Industry - Manufacturing (no.)
2011,533,CABEE_27,Number of Businesses by Industry - Manufacturing (no.)
2012,522,CABEE_27,Number of Businesses by Industry - Manufacturing (no.)
2013,506,CABEE_27,Number of Businesses by Industry - Manufacturing (no.)
2009,23,CABEE_23,"Number of Businesses by Industry - Electricity, gas, water and waste services (no.)"
2010,25,CABEE_23,"Number of Businesses by Industry - Electricity, gas, water and waste services (no.)"
2011,29,CABEE_23,"Number of Businesses by Industry - Electricity, gas, water and waste services (no.)"
2012,27,CABEE_23,"Number of Businesses by Industry - Electricity, gas, water and waste services (no.)"
2013,32,CABEE_23,"Number of Businesses by Industry - Electricity, gas, water and waste services (no.)"
2009,1801,CABEE_21,Number of Businesses by Industry - Construction (no.)
2010,1831,CABEE_21,Number of Businesses by Industry - Construction (no.)
2011,1850,CABEE_21,Number of Businesses by Industry - Construction (no.)
2012,1819,CABEE_21,Number of Businesses by Industry - Construction (no.)
2013,1737,CABEE_21,Number of Businesses by Industry - Construction (no.)
2009,372,CABEE_37,Number of Businesses by Industry - Wholesale trade (no.)
2010,383,CABEE_37,Number of Businesses by Industry - Wholesale trade (no.)
2011,388,CABEE_37,Number of Businesses by Industry - Wholesale trade (no.)
2012,376,CABEE_37,Number of Businesses by Industry - Wholesale trade (no.)
2013,351,CABEE_37,Number of Businesses by Industry - Wholesale trade (no.)
2009,970,CABEE_34,Number of Businesses by Industry - Retail trade (no.)
2010,982,CABEE_34,Number of Businesses by Industry - Retail trade (no.)
2011,966,CABEE_34,Number of Businesses by Industry - Retail trade (no.)
2012,941,CABEE_34,Number of Businesses by Industry - Retail trade (no.)
2013,890,CABEE_34,Number of Businesses by Industry - Retail trade (no.)
2009,545,CABEE_17,Number of Businesses by Industry - Accommodation and food services (no.)
2010,548,CABEE_17,Number of Businesses by Industry - Accommodation and food services (no.)
2011,540,CABEE_17,Number of Businesses by Industry - Accommodation and food services (no.)
2012,543,CABEE_17,Number of Businesses by Industry - Accommodation and food services (no.)
2013,506,CABEE_17,Number of Businesses by Industry - Accommodation and food services (no.)
2009,642,CABEE_36,"Number of Businesses by Industry - Transport, postal and warehousing (no.)"
2010,662,CABEE_36,"Number of Businesses by Industry - Transport, postal and warehousing (no.)"
2011,649,CABEE_36,"Number of Businesses by Industry - Transport, postal and warehousing (no.)"
2012,636,CABEE_36,"Number of Businesses by Industry - Transport, postal and warehousing (no.)"
2013,617,CABEE_36,"Number of Businesses by Industry - Transport, postal and warehousing (no.)"
2009,42,CABEE_26,Number of Businesses by Industry - Information media and telecommunications (no.)
2010,45,CABEE_26,Number of Businesses by Industry - Information media and telecommunications (no.)
2011,42,CABEE_26,Number of Businesses by Industry - Information media and telecommunications (no.)
2012,37,CABEE_26,Number of Businesses by Industry - Information media and telecommunications (no.)
2013,37,CABEE_26,Number of Businesses by Industry - Information media and telecommunications (no.)
2009,642,CABEE_24,Number of Businesses by Industry - Financial and insurance services (no.)
2010,690,CABEE_24,Number of Businesses by Industry - Financial and insurance services (no.)
2011,694,CABEE_24,Number of Businesses by Industry - Financial and insurance services (no.)
2012,690,CABEE_24,Number of Businesses by Industry - Financial and insurance services (no.)
2013,698,CABEE_24,Number of Businesses by Industry - Financial and insurance services (no.)
2009,1171,CABEE_33,"Number of Businesses by Industry - Rental, hiring and real estate services (no.)"
2010,1242,CABEE_33,"Number of Businesses by Industry - Rental, hiring and real estate services (no.)"
2011,1248,CABEE_33,"Number of Businesses by Industry - Rental, hiring and real estate services (no.)"
2012,1249,CABEE_33,"Number of Businesses by Industry - Rental, hiring and real estate services (no.)"
2013,1241,CABEE_33,"Number of Businesses by Industry - Rental, hiring and real estate services (no.)"
2009,806,CABEE_31,Number of Businesses by Industry - Professional scientific and technical services (no.)
2010,838,CABEE_31,Number of Businesses by Industry - Professional scientific and technical services (no.)
2011,866,CABEE_31,Number of Businesses by Industry - Professional scientific and technical services (no.)
2012,862,CABEE_31,Number of Businesses by Industry - Professional scientific and technical services (no.)
2013,820,CABEE_31,Number of Businesses by Industry - Professional scientific and technical services (no.)
2009,317,CABEE_18,Number of Businesses by Industry - Administrative and support services (no.)
2010,326,CABEE_18,Number of Businesses by Industry - Administrative and support services (no.)
2011,316,CABEE_18,Number of Businesses by Industry - Administrative and support services (no.)
2012,300,CABEE_18,Number of Businesses by Industry - Administrative and support services (no.)
2013,290,CABEE_18,Number of Businesses by Industry - Administrative and support services (no.)
2009,33,CABEE_32,Number of Businesses by Industry - Public administration and safety (no.)
2010,37,CABEE_32,Number of Businesses by Industry - Public administration and safety (no.)
2011,35,CABEE_32,Number of Businesses by Industry - Public administration and safety (no.)
2012,35,CABEE_32,Number of Businesses by Industry - Public administration and safety (no.)
2013,31,CABEE_32,Number of Businesses by Industry - Public administration and safety (no.)
2009,105,CABEE_22,Number of Businesses by Industry - Education and training (no.)
2010,111,CABEE_22,Number of Businesses by Industry - Education and training (no.)
2011,99,CABEE_22,Number of Businesses by Industry - Education and training (no.)
2012,101,CABEE_22,Number of Businesses by Industry - Education and training (no.)
2013,96,CABEE_22,Number of Businesses by Industry - Education and training (no.)
2009,473,CABEE_25,Number of Businesses by Industry - Health care and social assistance (no.)
2010,486,CABEE_25,Number of Businesses by Industry - Health care and social assistance (no.)
2011,494,CABEE_25,Number of Businesses by Industry - Health care and social assistance (no.)
2012,523,CABEE_25,Number of Businesses by Industry - Health care and social assistance (no.)
2013,517,CABEE_25,Number of Businesses by Industry - Health care and social assistance (no.)
2009,141,CABEE_20,Number of Businesses by Industry - Arts and recreation services (no.)
2010,147,CABEE_20,Number of Businesses by Industry - Arts and recreation services (no.)
2011,143,CABEE_20,Number of Businesses by Industry - Arts and recreation services (no.)
2012,136,CABEE_20,Number of Businesses by Industry - Arts and recreation services (no.)
2013,130,CABEE_20,Number of Businesses by Industry - Arts and recreation services (no.)
2009,549,CABEE_30,Number of Businesses by Industry - Other services (no.)
2010,539,CABEE_30,Number of Businesses by Industry - Other services (no.)
2011,513,CABEE_30,Number of Businesses by Industry - Other services (no.)
2012,531,CABEE_30,Number of Businesses by Industry - Other services (no.)
2013,509,CABEE_30,Number of Businesses by Industry - Other services (no.)
2009,135,CABEE_29,Number of Businesses by Industry - Not classified (no.)
2010,163,CABEE_29,Number of Businesses by Industry - Not classified (no.)
2011,153,CABEE_29,Number of Businesses by Industry - Not classified (no.)
2012,241,CABEE_29,Number of Businesses by Industry - Not classified (no.)
2013,309,CABEE_29,Number of Businesses by Industry - Not classified (no.)
2009,11573,CABEE_35,Number of Businesses by Industry - Total (no.)
2010,11835,CABEE_35,Number of Businesses by Industry - Total (no.)
2011,11749,CABEE_35,Number of Businesses by Industry - Total (no.)
2012,11703,CABEE_35,Number of Businesses by Industry - Total (no.)
2013,11406,CABEE_35,Number of Businesses by Industry - Total (no.)
2012,196,BANKRUPT_2,Bankruptcies - Non business (inc. not stated) (no.)
2013,141,BANKRUPT_2,Bankruptcies - Non business (inc. not stated) (no.)
2012,41,BANKRUPT_3,Bankruptcies - Business related (no.)
2013,39,BANKRUPT_3,Bankruptcies - Business related (no.)
2012,237,BANKRUPT_4,Bankruptcies - Total (no.)
2013,180,BANKRUPT_4,Bankruptcies - Total (no.)
2011,64084,LF_2,Labour Force Statistics - Labour Force (no. )
2011,4321,LF_3,Labour Force Statistics - Unemployed (no. )
2011,6.7,LF_4,Labour Force Statistics - Unemployment rate (%)
2011,57.4,LF_5,Labour Force Statistics - Participation rate (%)
2011,2.4,YOUTH_2,Youth (15-19 Years) Engagement in Work/Study - Working full-time and studying part-time (% of all 15-19 yo)
2011,1,YOUTH_3,Youth (15-19 Years) Engagement in Work/Study - Working part time and studying part-time (% of all 15-19 yo)
2011,17.8,YOUTH_4,Youth (15-19 Years) Engagement in Work/Study - Working part-time and studying full-time (% of all 15-19 yo)
2011,9.2,YOUTH_5,Youth (15-19 Years) Engagement in Work/Study - Working full-time (not studying) (% of all 15-19 yo)
2011,45.3,YOUTH_6,Youth (15-19 Years) Engagement in Work/Study - Studying full-time (not working) (% of all 15-19 yo)
2011,0.3,YOUTH_7,Youth (15-19 Years) Engagement in Work/Study - Working full-time and studying full-time (% of all 15-19 yo)
2011,76,YOUTH_8,Youth (15-19 Years) Engagement in Work/Study - Fully engaged (% of all 15-19 yo)
2011,9539,YOUTH_9,Youth (15-19 Years) Engagement in Work/Study - Total - aged 15-19 years (no.)
2011,17725,PENSION_2,Selected Government Pensions and Allowances - Age Pension - Centrelink (no.)
2012,18223,PENSION_2,Selected Government Pensions and Allowances - Age Pension - Centrelink (no.)
2013,18982,PENSION_2,Selected Government Pensions and Allowances - Age Pension - Centrelink (no.)
2011,1943,PENSION_6,Selected Government Pensions and Allowances - Carer Payment (no.)
2012,2119,PENSION_6,Selected Government Pensions and Allowances - Carer Payment (no.)
2013,2209,PENSION_6,Selected Government Pensions and Allowances - Carer Payment (no.)
2011,6961,PENSION_7,Selected Government Pensions and Allowances - Disability Support Pension (no.)
2012,6988,PENSION_7,Selected Government Pensions and Allowances - Disability Support Pension (no.)
2013,6955,PENSION_7,Selected Government Pensions and Allowances - Disability Support Pension (no.)
2013,6459,PENSION_8,Selected Government Pensions and Allowances - Newstart Allowance (no.)
2013,74.3,PENSION_9,Selected Government Pensions and Allowances - Newstart Allowance - on income support more than 365 days (%)
2013,2028,PENSION_10,Selected Government Pensions and Allowances - Parenting Payment - Single (no.)
2013,2089,PENSION_11,Selected Government Pensions and Allowances - Youth Allowance (Full time students/apprentices) (no.)
2013,1285,PENSION_12,Selected Government Pensions and Allowances - Youth Allowance (Other) (no.)
2009,15145,PENSION_13,Selected Government Pensions and Allowances - Family Tax Benefit A (no.)
2010,14690,PENSION_13,Selected Government Pensions and Allowances - Family Tax Benefit A (no.)
2011,13027,PENSION_13,Selected Government Pensions and Allowances - Family Tax Benefit A (no.)
2012,12790,PENSION_13,Selected Government Pensions and Allowances - Family Tax Benefit A (no.)
2009,11879,PENSION_14,Selected Government Pensions and Allowances - Family Tax Benefit B (no.)
2010,11832,PENSION_14,Selected Government Pensions and Allowances - Family Tax Benefit B (no.)
2011,11480,PENSION_14,Selected Government Pensions and Allowances - Family Tax Benefit B (no.)
2012,10550,PENSION_14,Selected Government Pensions and Allowances - Family Tax Benefit B (no.)
2009,15334,PENSION_15,Selected Government Pensions and Allowances - Total Family Tax Benefit recipients (no.)
2010,14913,PENSION_15,Selected Government Pensions and Allowances - Total Family Tax Benefit recipients (no.)
2011,14350,PENSION_15,Selected Government Pensions and Allowances - Total Family Tax Benefit recipients (no.)
2012,13027,PENSION_15,Selected Government Pensions and Allowances - Total Family Tax Benefit recipients (no.)
2009,38458,INCOME_2,Estimates of Personal Income - Average wage and salary income ($)
2010,40123,INCOME_2,Estimates of Personal Income - Average wage and salary income ($)
2011,41992,INCOME_2,Estimates of Personal Income - Average wage and salary income ($)
2009,2314,INCOME_3,Estimates of Personal Income - Total wage and salary income ($m)
2010,2399,INCOME_3,Estimates of Personal Income - Total wage and salary income ($m)
2011,2535,INCOME_3,Estimates of Personal Income - Total wage and salary income ($m)
2009,60177,INCOME_4,Estimates of Personal Income - No. of wage and salary earners (no.)
2010,59796,INCOME_4,Estimates of Personal Income - No. of wage and salary earners (no.)
2011,60354,INCOME_4,Estimates of Personal Income - No. of wage and salary earners (no.)
2009,14805,INCOME_5,Estimates of Personal Income - Average own unincorporated business income ($)
2010,15001,INCOME_5,Estimates of Personal Income - Average own unincorporated business income ($)
2011,17334,INCOME_5,Estimates of Personal Income - Average own unincorporated business income ($)
2009,188,INCOME_6,Estimates of Personal Income - Total own unincorporated business income ($m)
2010,190,INCOME_6,Estimates of Personal Income - Total own unincorporated business income ($m)
2011,216,INCOME_6,Estimates of Personal Income - Total own unincorporated business income ($m)
2009,12715,INCOME_7,Estimates of Personal Income - No. of own unincorporated business earners (no.)
2010,12679,INCOME_7,Estimates of Personal Income - No. of own unincorporated business earners (no.)
2011,12484,INCOME_7,Estimates of Personal Income - No. of own unincorporated business earners (no.)
2009,7417,INCOME_8,Estimates of Personal Income - Average investment income ($)
2010,6533,INCOME_8,Estimates of Personal Income - Average investment income ($)
2011,7019,INCOME_8,Estimates of Personal Income - Average investment income ($)
2009,321,INCOME_9,Estimates of Personal Income - Total investment income ($m)
2010,299,INCOME_9,Estimates of Personal Income - Total investment income ($m)
2011,339,INCOME_9,Estimates of Personal Income - Total investment income ($m)
2009,43239,INCOME_10,Estimates of Personal Income - No. of investment income earners (no.)
2010,45772,INCOME_10,Estimates of Personal Income - No. of investment income earners (no.)
2011,48339,INCOME_10,Estimates of Personal Income - No. of investment income earners (no.)
2009,20414,INCOME_11,Estimates of Personal Income - Average superannuation and annuity income ($)
2010,19559,INCOME_11,Estimates of Personal Income - Average superannuation and annuity income ($)
2011,20396,INCOME_11,Estimates of Personal Income - Average superannuation and annuity income ($)
2009,62,INCOME_12,Estimates of Personal Income - Total superannuation and annuity income ($m)
2010,61,INCOME_12,Estimates of Personal Income - Total superannuation and annuity income ($m)
2011,65,INCOME_12,Estimates of Personal Income - Total superannuation and annuity income ($m)
2009,3010,INCOME_13,Estimates of Personal Income - No. of superannuation and annuity income earners (no.)
2010,3097,INCOME_13,Estimates of Personal Income - No. of superannuation and annuity income earners (no.)
2011,3198,INCOME_13,Estimates of Personal Income - No. of superannuation and annuity income earners (no.)
2009,3012,INCOME_14,Estimates of Personal Income - Average other income (excl. Government pensions and allowances) ($)
2010,2219,INCOME_14,Estimates of Personal Income - Average other income (excl. Government pensions and allowances) ($)
2011,2048,INCOME_14,Estimates of Personal Income - Average other income (excl. Government pensions and allowances) ($)
2009,19,INCOME_15,Estimates of Personal Income - Total other income (excl. Government pensions and allowances) ($m)
2010,14,INCOME_15,Estimates of Personal Income - Total other income (excl. Government pensions and allowances) ($m)
2011,16,INCOME_15,Estimates of Personal Income - Total other income (excl. Government pensions and allowances) ($m)
2009,6190,INCOME_16,Estimates of Personal Income - No. of other income (excl. Government pensions and allowances) earners (no.)
2010,6261,INCOME_16,Estimates of Personal Income - No. of other income (excl. Government pensions and allowances) earners (no.)
2011,7978,INCOME_16,Estimates of Personal Income - No. of other income (excl. Government pensions and allowances) earners (no.)
2009,39084,INCOME_17,Estimates of Personal Income - Average total income (excl. Government pensions and allowances) ($)
2010,40101,INCOME_17,Estimates of Personal Income - Average total income (excl. Government pensions and allowances) ($)
2011,42611,INCOME_17,Estimates of Personal Income - Average total income (excl. Government pensions and allowances) ($)
2009,2903,INCOME_18,Estimates of Personal Income - Total income (excl. Government pensions and allowances) ($m)
2010,2963,INCOME_18,Estimates of Personal Income - Total income (excl. Government pensions and allowances) ($m)
2011,3172,INCOME_18,Estimates of Personal Income - Total income (excl. Government pensions and allowances) ($m)
2009,74287,INCOME_19,Estimates of Personal Income - Total no. income earners (excl. Government pensions and allowances) (no.)
2010,73886,INCOME_19,Estimates of Personal Income - Total no. income earners (excl. Government pensions and allowances) (no.)
2011,74432,INCOME_19,Estimates of Personal Income - Total no. income earners (excl. Government pensions and allowances) (no.)
2009,51.6,WAGE_2,Wage and Salary Earners - Males (%)
2010,51.3,WAGE_2,Wage and Salary Earners - Males (%)
2011,51.2,WAGE_2,Wage and Salary Earners - Males (%)
2009,48.4,WAGE_3,Wage and Salary Earners - Females (%)
2010,48.7,WAGE_3,Wage and Salary Earners - Females (%)
2011,48.8,WAGE_3,Wage and Salary Earners - Females (%)
2009,5892,WAGE_6,Wage and Salary Earners - Males - Aged 15-24 years (no.)
2010,5330,WAGE_6,Wage and Salary Earners - Males - Aged 15-24 years (no.)
2011,5407,WAGE_6,Wage and Salary Earners - Males - Aged 15-24 years (no.)
2009,6359,WAGE_7,Wage and Salary Earners - Males - Aged 25-34 years (no.)
2010,6112,WAGE_7,Wage and Salary Earners - Males - Aged 25-34 years (no.)
2011,6119,WAGE_7,Wage and Salary Earners - Males - Aged 25-34 years (no.)
2009,6897,WAGE_8,Wage and Salary Earners - Males - Aged 35-44 years (no.)
2010,6609,WAGE_8,Wage and Salary Earners - Males - Aged 35-44 years (no.)
2011,6594,WAGE_8,Wage and Salary Earners - Males - Aged 35-44 years (no.)
2009,6994,WAGE_9,Wage and Salary Earners - Males - Aged 45-54 years (no.)
2010,6881,WAGE_9,Wage and Salary Earners - Males - Aged 45-54 years (no.)
2011,6758,WAGE_9,Wage and Salary Earners - Males - Aged 45-54 years (no.)
2009,4633,WAGE_10,Wage and Salary Earners - Males - Aged 55-64 years (no.)
2010,4659,WAGE_10,Wage and Salary Earners - Males - Aged 55-64 years (no.)
2011,4883,WAGE_10,Wage and Salary Earners - Males - Aged 55-64 years (no.)
2009,994,WAGE_11,Wage and Salary Earners - Males - Aged 65 years and over (no.)
2010,1086,WAGE_11,Wage and Salary Earners - Males - Aged 65 years and over (no.)
2011,1149,WAGE_11,Wage and Salary Earners - Males - Aged 65 years and over (no.)
2009,31769,WAGE_12,Wage and Salary Earners - Males - Total (no.)
2010,30677,WAGE_12,Wage and Salary Earners - Males - Total (no.)
2011,30910,WAGE_12,Wage and Salary Earners - Males - Total (no.)
2009,5374,WAGE_14,Wage and Salary Earners - Females - Aged 15-24 years (no.)
2010,4998,WAGE_14,Wage and Salary Earners - Females - Aged 15-24 years (no.)
2011,4988,WAGE_14,Wage and Salary Earners - Females - Aged 15-24 years (no.)
2009,5547,WAGE_15,Wage and Salary Earners - Females - Aged 25-34 years (no.)
2010,5415,WAGE_15,Wage and Salary Earners - Females - Aged 25-34 years (no.)
2011,5495,WAGE_15,Wage and Salary Earners - Females - Aged 25-34 years (no.)
2009,6807,WAGE_16,Wage and Salary Earners - Females - Aged 35-44 years (no.)
2010,6572,WAGE_16,Wage and Salary Earners - Females - Aged 35-44 years (no.)
2011,6479,WAGE_16,Wage and Salary Earners - Females - Aged 35-44 years (no.)
2009,7412,WAGE_17,Wage and Salary Earners - Females - Aged 45-54 years (no.)
2010,7287,WAGE_17,Wage and Salary Earners - Females - Aged 45-54 years (no.)
2011,7259,WAGE_17,Wage and Salary Earners - Females - Aged 45-54 years (no.)
2009,4109,WAGE_18,Wage and Salary Earners - Females - Aged 55-64 years (no.)
2010,4260,WAGE_18,Wage and Salary Earners - Females - Aged 55-64 years (no.)
2011,4538,WAGE_18,Wage and Salary Earners - Females - Aged 55-64 years (no.)
2009,499,WAGE_19,Wage and Salary Earners - Females - Aged 65 years and over (no.)
2010,575,WAGE_19,Wage and Salary Earners - Females - Aged 65 years and over (no.)
2011,682,WAGE_19,Wage and Salary Earners - Females - Aged 65 years and over (no.)
2009,29748,WAGE_20,Wage and Salary Earners - Females - Total (no.)
2010,29107,WAGE_20,Wage and Salary Earners - Females - Total (no.)
2011,29441,WAGE_20,Wage and Salary Earners - Females - Total (no.)
2009,11266,WAGE_22,Wage and Salary Earners - Persons - Aged 15-24 years (no.)
2010,10328,WAGE_22,Wage and Salary Earners - Persons - Aged 15-24 years (no.)
2011,10395,WAGE_22,Wage and Salary Earners - Persons - Aged 15-24 years (no.)
2009,11906,WAGE_23,Wage and Salary Earners - Persons - Aged 25-34 years (no.)
2010,11527,WAGE_23,Wage and Salary Earners - Persons - Aged 25-34 years (no.)
2011,11614,WAGE_23,Wage and Salary Earners - Persons - Aged 25-34 years (no.)
2009,13704,WAGE_24,Wage and Salary Earners - Persons - Aged 35-44 years (no.)
2010,13181,WAGE_24,Wage and Salary Earners - Persons - Aged 35-44 years (no.)
2011,13073,WAGE_24,Wage and Salary Earners - Persons - Aged 35-44 years (no.)
2009,14406,WAGE_25,Wage and Salary Earners - Persons - Aged 45-54 years (no.)
2010,14168,WAGE_25,Wage and Salary Earners - Persons - Aged 45-54 years (no.)
2011,14017,WAGE_25,Wage and Salary Earners - Persons - Aged 45-54 years (no.)
2009,8742,WAGE_26,Wage and Salary Earners - Persons - Aged 55-64 years (no.)
2010,8919,WAGE_26,Wage and Salary Earners - Persons - Aged 55-64 years (no.)
2011,9421,WAGE_26,Wage and Salary Earners - Persons - Aged 55-64 years (no.)
2009,1493,WAGE_27,Wage and Salary Earners - Persons - Aged 65 years and over (no.)
2010,1661,WAGE_27,Wage and Salary Earners - Persons - Aged 65 years and over (no.)
2011,1831,WAGE_27,Wage and Salary Earners - Persons - Aged 65 years and over (no.)
2009,61517,WAGE_28,Wage and Salary Earners - Persons - Total (no.)
2010,59796,WAGE_28,Wage and Salary Earners - Persons - Total (no.)
2011,60354,WAGE_28,Wage and Salary Earners - Persons - Total (no.)
2009,18.3,WAGE_30,Wage and Salary Earners - Persons - Aged 15-24 years (%)
2010,17.3,WAGE_30,Wage and Salary Earners - Persons - Aged 15-24 years (%)
2011,17.2,WAGE_30,Wage and Salary Earners - Persons - Aged 15-24 years (%)
2009,19.4,WAGE_31,Wage and Salary Earners - Persons - Aged 25-34 years (%)
2010,19.3,WAGE_31,Wage and Salary Earners - Persons - Aged 25-34 years (%)
2011,19.2,WAGE_31,Wage and Salary Earners - Persons - Aged 25-34 years (%)
2009,22.3,WAGE_32,Wage and Salary Earners - Persons - Aged 35-44 years (%)
2010,22,WAGE_32,Wage and Salary Earners - Persons - Aged 35-44 years (%)
2011,21.7,WAGE_32,Wage and Salary Earners - Persons - Aged 35-44 years (%)
2009,23.4,WAGE_33,Wage and Salary Earners - Persons - Aged 45-54 years (%)
2010,23.7,WAGE_33,Wage and Salary Earners - Persons - Aged 45-54 years (%)
2011,23.2,WAGE_33,Wage and Salary Earners - Persons - Aged 45-54 years (%)
2009,14.2,WAGE_34,Wage and Salary Earners - Persons - Aged 55-64 years (%)
2010,14.9,WAGE_34,Wage and Salary Earners - Persons - Aged 55-64 years (%)
2011,15.6,WAGE_34,Wage and Salary Earners - Persons - Aged 55-64 years (%)
2009,2.4,WAGE_35,Wage and Salary Earners - Persons - Aged 65 years and over (%)
2010,2.8,WAGE_35,Wage and Salary Earners - Persons - Aged 65 years and over (%)
2011,3,WAGE_35,Wage and Salary Earners - Persons - Aged 65 years and over (%)
2010,5334,WAGE_OCC_2,Wage and Salary Earners by Occupation - Managers (no.)
2011,5546,WAGE_OCC_2,Wage and Salary Earners by Occupation - Managers (no.)
2010,10199,WAGE_OCC_3,Wage and Salary Earners by Occupation - Professionals (no.)
2011,10416,WAGE_OCC_3,Wage and Salary Earners by Occupation - Professionals (no.)
2010,7094,WAGE_OCC_4,Wage and Salary Earners by Occupation - Technicians and trades workers (no.)
2011,7182,WAGE_OCC_4,Wage and Salary Earners by Occupation - Technicians and trades workers (no.)
2010,6379,WAGE_OCC_5,Wage and Salary Earners by Occupation - Community and personal service workers (no.)
2011,6728,WAGE_OCC_5,Wage and Salary Earners by Occupation - Community and personal service workers (no.)
2010,9530,WAGE_OCC_6,Wage and Salary Earners by Occupation - Clerical and administrative workers (no.)
2011,8068,WAGE_OCC_6,Wage and Salary Earners by Occupation - Clerical and administrative workers (no.)
2010,5106,WAGE_OCC_7,Wage and Salary Earners by Occupation - Sales workers (no.)
2011,5960,WAGE_OCC_7,Wage and Salary Earners by Occupation - Sales workers (no.)
2010,3970,WAGE_OCC_8,Wage and Salary Earners by Occupation - Machinery operators and drivers (no.)
2011,3983,WAGE_OCC_8,Wage and Salary Earners by Occupation - Machinery operators and drivers (no.)
2010,8445,WAGE_OCC_9,Wage and Salary Earners by Occupation - Labourers (no.)
2011,8578,WAGE_OCC_9,Wage and Salary Earners by Occupation - Labourers (no.)
2010,3737,WAGE_OCC_10,Wage and Salary Earners by Occupation - Not stated (no.)
2011,3895,WAGE_OCC_10,Wage and Salary Earners by Occupation - Not stated (no.)
2010,59796,WAGE_OCC_11,Wage and Salary Earners by Occupation - Total wage and salary earners (no.)
2011,60354,WAGE_OCC_11,Wage and Salary Earners by Occupation - Total wage and salary earners (no.)
2010,8.9,WAGE_OCC_12,Wage and Salary Earners by Occupation - Managers (%)
2011,9.2,WAGE_OCC_12,Wage and Salary Earners by Occupation - Managers (%)
2010,17.1,WAGE_OCC_13,Wage and Salary Earners by Occupation - Professionals (%)
2011,17.3,WAGE_OCC_13,Wage and Salary Earners by Occupation - Professionals (%)
2010,11.9,WAGE_OCC_14,Wage and Salary Earners by Occupation - Technicians and trades workers (%)
2011,11.9,WAGE_OCC_14,Wage and Salary Earners by Occupation - Technicians and trades workers (%)
2010,10.7,WAGE_OCC_15,Wage and Salary Earners by Occupation - Community and personal service workers (%)
2011,11.1,WAGE_OCC_15,Wage and Salary Earners by Occupation - Community and personal service workers (%)
2010,15.9,WAGE_OCC_16,Wage and Salary Earners by Occupation - Clerical and administrative workers (%)
2011,13.4,WAGE_OCC_16,Wage and Salary Earners by Occupation - Clerical and administrative workers (%)
2010,8.5,WAGE_OCC_17,Wage and Salary Earners by Occupation - Sales workers (%)
2011,9.9,WAGE_OCC_17,Wage and Salary Earners by Occupation - Sales workers (%)
2010,6.6,WAGE_OCC_18,Wage and Salary Earners by Occupation - Machinery operators and drivers (%)
2011,6.6,WAGE_OCC_18,Wage and Salary Earners by Occupation - Machinery operators and drivers (%)
2010,14.1,WAGE_OCC_19,Wage and Salary Earners by Occupation - Labourers (%)
2011,14.2,WAGE_OCC_19,Wage and Salary Earners by Occupation - Labourers (%)
2010,6.2,WAGE_OCC_20,Wage and Salary Earners by Occupation - Not stated (%)
2011,6.5,WAGE_OCC_20,Wage and Salary Earners by Occupation - Not stated (%)
2011,854,RENT_2,Rent and Mortgage Payments - Average monthly household rental payment ($)
2011,1381,RENT_3,Rent and Mortgage Payments - Average monthly household mortgage payment ($)
2009,611,BUILDING_2,Building Approvals - Total private sector houses (no.)
2010,621,BUILDING_2,Building Approvals - Total private sector houses (no.)
2011,490,BUILDING_2,Building Approvals - Total private sector houses (no.)
2012,453,BUILDING_2,Building Approvals - Total private sector houses (no.)
2013,366,BUILDING_2,Building Approvals - Total private sector houses (no.)
2009,607,BUILDING_3,Building Approvals - Total new private sector houses (no.)
2010,620,BUILDING_3,Building Approvals - Total new private sector houses (no.)
2011,489,BUILDING_3,Building Approvals - Total new private sector houses (no.)
2012,449,BUILDING_3,Building Approvals - Total new private sector houses (no.)
2013,364,BUILDING_3,Building Approvals - Total new private sector houses (no.)
2009,778,BUILDING_4,Building Approvals - Total dwelling units (no.)
2010,804,BUILDING_4,Building Approvals - Total dwelling units (no.)
2011,732,BUILDING_4,Building Approvals - Total dwelling units (no.)
2012,615,BUILDING_4,Building Approvals - Total dwelling units (no.)
2013,468,BUILDING_4,Building Approvals - Total dwelling units (no.)
2009,163,BUILDING_5,Building Approvals - Value of total private sector houses ($m)
2010,182,BUILDING_5,Building Approvals - Value of total private sector houses ($m)
2011,152,BUILDING_5,Building Approvals - Value of total private sector houses ($m)
2012,146,BUILDING_5,Building Approvals - Value of total private sector houses ($m)
2013,104,BUILDING_5,Building Approvals - Value of total private sector houses ($m)
2009,126,BUILDING_6,Building Approvals - Value of new private sector housing ($m)
2010,144,BUILDING_6,Building Approvals - Value of new private sector housing ($m)
2011,114,BUILDING_6,Building Approvals - Value of new private sector housing ($m)
2012,113,BUILDING_6,Building Approvals - Value of new private sector housing ($m)
2013,82,BUILDING_6,Building Approvals - Value of new private sector housing ($m)
2009,150,BUILDING_7,Building Approvals - Value of new residential building ($m)
2010,172,BUILDING_7,Building Approvals - Value of new residential building ($m)
2011,149,BUILDING_7,Building Approvals - Value of new residential building ($m)
2012,137,BUILDING_7,Building Approvals - Value of new residential building ($m)
2013,100,BUILDING_7,Building Approvals - Value of new residential building ($m)
2009,188,BUILDING_8,Building Approvals - Value of total residential building ($m)
2010,211,BUILDING_8,Building Approvals - Value of total residential building ($m)
2011,194,BUILDING_8,Building Approvals - Value of total residential building ($m)
2012,171,BUILDING_8,Building Approvals - Value of total residential building ($m)
2013,128,BUILDING_8,Building Approvals - Value of total residential building ($m)
2009,116,BUILDING_9,Building Approvals - Value of total non-residential building ($m)
2010,208,BUILDING_9,Building Approvals - Value of total non-residential building ($m)
2011,172,BUILDING_9,Building Approvals - Value of total non-residential building ($m)
2012,77,BUILDING_9,Building Approvals - Value of total non-residential building ($m)
2013,116,BUILDING_9,Building Approvals - Value of total non-residential building ($m)
2009,303,BUILDING_10,Building Approvals - Value of total building ($m)
2010,419,BUILDING_10,Building Approvals - Value of total building ($m)
2011,366,BUILDING_10,Building Approvals - Value of total building ($m)
2012,248,BUILDING_10,Building Approvals - Value of total building ($m)
2013,243,BUILDING_10,Building Approvals - Value of total building ($m)
2009,267,BUILDING_11,Building Approvals - Average value of private sector houses ($'000)
2010,293,BUILDING_11,Building Approvals - Average value of private sector houses ($'000)
2011,310,BUILDING_11,Building Approvals - Average value of private sector houses ($'000)
2012,322,BUILDING_11,Building Approvals - Average value of private sector houses ($'000)
2013,284,BUILDING_11,Building Approvals - Average value of private sector houses ($'000)
2009,19.3,ERP_6,Estimated Resident Population - Persons - 0-14 years (%)
2010,19,ERP_6,Estimated Resident Population - Persons - 0-14 years (%)
2011,18.6,ERP_6,Estimated Resident Population - Persons - 0-14 years (%)
2012,18.4,ERP_6,Estimated Resident Population - Persons - 0-14 years (%)
2013,18.3,ERP_6,Estimated Resident Population - Persons - 0-14 years (%)
2009,13.2,ERP_7,Estimated Resident Population - Persons - 15-24 years (%)
2010,13.2,ERP_7,Estimated Resident Population - Persons - 15-24 years (%)
2011,13.2,ERP_7,Estimated Resident Population - Persons - 15-24 years (%)
2012,13.1,ERP_7,Estimated Resident Population - Persons - 15-24 years (%)
2013,13.1,ERP_7,Estimated Resident Population - Persons - 15-24 years (%)
2009,11.1,ERP_8,Estimated Resident Population - Persons - 25-34 years (%)
2010,11.1,ERP_8,Estimated Resident Population - Persons - 25-34 years (%)
2011,11,ERP_8,Estimated Resident Population - Persons - 25-34 years (%)
2012,11,ERP_8,Estimated Resident Population - Persons - 25-34 years (%)
2013,10.9,ERP_8,Estimated Resident Population - Persons - 25-34 years (%)
2009,13.3,ERP_9,Estimated Resident Population - Persons - 35-44 years (%)
2010,13.1,ERP_9,Estimated Resident Population - Persons - 35-44 years (%)
2011,12.9,ERP_9,Estimated Resident Population - Persons - 35-44 years (%)
2012,12.6,ERP_9,Estimated Resident Population - Persons - 35-44 years (%)
2013,12.3,ERP_9,Estimated Resident Population - Persons - 35-44 years (%)
2009,14.5,ERP_10,Estimated Resident Population - Persons - 45-54 years (%)
2010,14.4,ERP_10,Estimated Resident Population - Persons - 45-54 years (%)
2011,14.3,ERP_10,Estimated Resident Population - Persons - 45-54 years (%)
2012,14.1,ERP_10,Estimated Resident Population - Persons - 45-54 years (%)
2013,13.9,ERP_10,Estimated Resident Population - Persons - 45-54 years (%)
2009,13,ERP_11,Estimated Resident Population - Persons - 55-64 years (%)
2010,13.1,ERP_11,Estimated Resident Population - Persons - 55-64 years (%)
2011,13.4,ERP_11,Estimated Resident Population - Persons - 55-64 years (%)
2012,13.4,ERP_11,Estimated Resident Population - Persons - 55-64 years (%)
2013,13.6,ERP_11,Estimated Resident Population - Persons - 55-64 years (%)
2009,8.5,ERP_12,Estimated Resident Population - Persons - 65-74 years (%)
2010,8.9,ERP_12,Estimated Resident Population - Persons - 65-74 years (%)
2011,9.2,ERP_12,Estimated Resident Population - Persons - 65-74 years (%)
2012,9.8,ERP_12,Estimated Resident Population - Persons - 65-74 years (%)
2013,10.2,ERP_12,Estimated Resident Population - Persons - 65-74 years (%)
2009,5.2,ERP_13,Estimated Resident Population - Persons - 75-84 years (%)
2010,5.2,ERP_13,Estimated Resident Population - Persons - 75-84 years (%)
2011,5.3,ERP_13,Estimated Resident Population - Persons - 75-84 years (%)
2012,5.4,ERP_13,Estimated Resident Population - Persons - 75-84 years (%)
2013,5.5,ERP_13,Estimated Resident Population - Persons - 75-84 years (%)
2009,1.9,ERP_14,Estimated Resident Population - Persons - 85 years and over (%)
2010,2,ERP_14,Estimated Resident Population - Persons - 85 years and over (%)
2011,2.1,ERP_14,Estimated Resident Population - Persons - 85 years and over (%)
2012,2.1,ERP_14,Estimated Resident Population - Persons - 85 years and over (%)
2013,2.2,ERP_14,Estimated Resident Population - Persons - 85 years and over (%)
2009,4605,ERP_M_2,Estimated Resident Population - Males - 0-4 years (no.)
2010,4653,ERP_M_2,Estimated Resident Population - Males - 0-4 years (no.)
2011,4562,ERP_M_2,Estimated Resident Population - Males - 0-4 years (no.)
2012,4498,ERP_M_2,Estimated Resident Population - Males - 0-4 years (no.)
2013,4431,ERP_M_2,Estimated Resident Population - Males - 0-4 years (no.)
2009,4421,ERP_M_3,Estimated Resident Population - Males - 5-9 years (no.)
2010,4285,ERP_M_3,Estimated Resident Population - Males - 5-9 years (no.)
2011,4356,ERP_M_3,Estimated Resident Population - Males - 5-9 years (no.)
2012,4320,ERP_M_3,Estimated Resident Population - Males - 5-9 years (no.)
2013,4444,ERP_M_3,Estimated Resident Population - Males - 5-9 years (no.)
2009,5070,ERP_M_4,Estimated Resident Population - Males - 10-14 years (no.)
2010,4990,ERP_M_4,Estimated Resident Population - Males - 10-14 years (no.)
2011,4866,ERP_M_4,Estimated Resident Population - Males - 10-14 years (no.)
2012,4784,ERP_M_4,Estimated Resident Population - Males - 10-14 years (no.)
2013,4652,ERP_M_4,Estimated Resident Population - Males - 10-14 years (no.)
2009,5091,ERP_M_5,Estimated Resident Population - Males - 15-19 years (no.)
2010,5155,ERP_M_5,Estimated Resident Population - Males - 15-19 years (no.)
2011,5209,ERP_M_5,Estimated Resident Population - Males - 15-19 years (no.)
2012,5164,ERP_M_5,Estimated Resident Population - Males - 15-19 years (no.)
2013,5101,ERP_M_5,Estimated Resident Population - Males - 15-19 years (no.)
2009,4580,ERP_M_6,Estimated Resident Population - Males - 20-24 years (no.)
2010,4636,ERP_M_6,Estimated Resident Population - Males - 20-24 years (no.)
2011,4557,ERP_M_6,Estimated Resident Population - Males - 20-24 years (no.)
2012,4572,ERP_M_6,Estimated Resident Population - Males - 20-24 years (no.)
2013,4631,ERP_M_6,Estimated Resident Population - Males - 20-24 years (no.)
2009,3922,ERP_M_7,Estimated Resident Population - Males - 25-29 years (no.)
2010,4015,ERP_M_7,Estimated Resident Population - Males - 25-29 years (no.)
2011,4070,ERP_M_7,Estimated Resident Population - Males - 25-29 years (no.)
2012,3993,ERP_M_7,Estimated Resident Population - Males - 25-29 years (no.)
2013,3861,ERP_M_7,Estimated Resident Population - Males - 25-29 years (no.)
2009,3868,ERP_M_8,Estimated Resident Population - Males - 30-34 years (no.)
2010,3824,ERP_M_8,Estimated Resident Population - Males - 30-34 years (no.)
2011,3770,ERP_M_8,Estimated Resident Population - Males - 30-34 years (no.)
2012,3798,ERP_M_8,Estimated Resident Population - Males - 30-34 years (no.)
2013,3837,ERP_M_8,Estimated Resident Population - Males - 30-34 years (no.)
2009,4559,ERP_M_9,Estimated Resident Population - Males - 35-39 years (no.)
2010,4381,ERP_M_9,Estimated Resident Population - Males - 35-39 years (no.)
2011,4204,ERP_M_9,Estimated Resident Population - Males - 35-39 years (no.)
2012,4012,ERP_M_9,Estimated Resident Population - Males - 35-39 years (no.)
2013,3905,ERP_M_9,Estimated Resident Population - Males - 35-39 years (no.)
2009,4702,ERP_M_10,Estimated Resident Population - Males - 40-44 years (no.)
2010,4764,ERP_M_10,Estimated Resident Population - Males - 40-44 years (no.)
2011,4789,ERP_M_10,Estimated Resident Population - Males - 40-44 years (no.)
2012,4842,ERP_M_10,Estimated Resident Population - Males - 40-44 years (no.)
2013,4769,ERP_M_10,Estimated Resident Population - Males - 40-44 years (no.)
2009,5143,ERP_M_11,Estimated Resident Population - Males - 45-49 years (no.)
2010,5027,ERP_M_11,Estimated Resident Population - Males - 45-49 years (no.)
2011,4981,ERP_M_11,Estimated Resident Population - Males - 45-49 years (no.)
2012,4816,ERP_M_11,Estimated Resident Population - Males - 45-49 years (no.)
2013,4749,ERP_M_11,Estimated Resident Population - Males - 45-49 years (no.)
2009,5090,ERP_M_12,Estimated Resident Population - Males - 50-54 years (no.)
2010,5262,ERP_M_12,Estimated Resident Population - Males - 50-54 years (no.)
2011,5256,ERP_M_12,Estimated Resident Population - Males - 50-54 years (no.)
2012,5189,ERP_M_12,Estimated Resident Population - Males - 50-54 years (no.)
2013,5076,ERP_M_12,Estimated Resident Population - Males - 50-54 years (no.)
2009,4769,ERP_M_13,Estimated Resident Population - Males - 55-59 years (no.)
2010,4751,ERP_M_13,Estimated Resident Population - Males - 55-59 years (no.)
2011,4906,ERP_M_13,Estimated Resident Population - Males - 55-59 years (no.)
2012,4929,ERP_M_13,Estimated Resident Population - Males - 55-59 years (no.)
2013,5019,ERP_M_13,Estimated Resident Population - Males - 55-59 years (no.)
2009,4521,ERP_M_14,Estimated Resident Population - Males - 60-64 years (no.)
2010,4692,ERP_M_14,Estimated Resident Population - Males - 60-64 years (no.)
2011,4804,ERP_M_14,Estimated Resident Population - Males - 60-64 years (no.)
2012,4793,ERP_M_14,Estimated Resident Population - Males - 60-64 years (no.)
2013,4745,ERP_M_14,Estimated Resident Population - Males - 60-64 years (no.)
2009,3434,ERP_M_15,Estimated Resident Population - Males - 65-69 years (no.)
2010,3608,ERP_M_15,Estimated Resident Population - Males - 65-69 years (no.)
2011,3830,ERP_M_15,Estimated Resident Population - Males - 65-69 years (no.)
2012,4122,ERP_M_15,Estimated Resident Population - Males - 65-69 years (no.)
2013,4387,ERP_M_15,Estimated Resident Population - Males - 65-69 years (no.)
2009,2595,ERP_M_16,Estimated Resident Population - Males - 70-74 years (no.)
2010,2717,ERP_M_16,Estimated Resident Population - Males - 70-74 years (no.)
2011,2796,ERP_M_16,Estimated Resident Population - Males - 70-74 years (no.)
2012,2942,ERP_M_16,Estimated Resident Population - Males - 70-74 years (no.)
2013,3031,ERP_M_16,Estimated Resident Population - Males - 70-74 years (no.)
2009,1970,ERP_M_17,Estimated Resident Population - Males - 75-79 years (no.)
2010,2000,ERP_M_17,Estimated Resident Population - Males - 75-79 years (no.)
2011,2020,ERP_M_17,Estimated Resident Population - Males - 75-79 years (no.)
2012,2066,ERP_M_17,Estimated Resident Population - Males - 75-79 years (no.)
2013,2134,ERP_M_17,Estimated Resident Population - Males - 75-79 years (no.)
2009,1388,ERP_M_18,Estimated Resident Population - Males - 80-84 years (no.)
2010,1419,ERP_M_18,Estimated Resident Population - Males - 80-84 years (no.)
2011,1460,ERP_M_18,Estimated Resident Population - Males - 80-84 years (no.)
2012,1509,ERP_M_18,Estimated Resident Population - Males - 80-84 years (no.)
2013,1510,ERP_M_18,Estimated Resident Population - Males - 80-84 years (no.)
2009,917,ERP_M_19,Estimated Resident Population - Males - 85 and over (no.)
2010,973,ERP_M_19,Estimated Resident Population - Males - 85 and over (no.)
2011,1038,ERP_M_19,Estimated Resident Population - Males - 85 and over (no.)
2012,1086,ERP_M_19,Estimated Resident Population - Males - 85 and over (no.)
2013,1172,ERP_M_19,Estimated Resident Population - Males - 85 and over (no.)
2009,70645,ERP_M_20,Estimated Resident Population - Males - Total (no.)
2010,71152,ERP_M_20,Estimated Resident Population - Males - Total (no.)
2011,71474,ERP_M_20,Estimated Resident Population - Males - Total (no.)
2012,71435,ERP_M_20,Estimated Resident Population - Males - Total (no.)
2013,71454,ERP_M_20,Estimated Resident Population - Males - Total (no.)
2009,4412,ERP_F_2,Estimated Resident Population - Females - 0-4 years (no.)
2010,4391,ERP_F_2,Estimated Resident Population - Females - 0-4 years (no.)
2011,4202,ERP_F_2,Estimated Resident Population - Females - 0-4 years (no.)
2012,4161,ERP_F_2,Estimated Resident Population - Females - 0-4 years (no.)
2013,4108,ERP_F_2,Estimated Resident Population - Females - 0-4 years (no.)
2009,4309,ERP_F_3,Estimated Resident Population - Females - 5-9 years (no.)
2010,4230,ERP_F_3,Estimated Resident Population - Females - 5-9 years (no.)
2011,4251,ERP_F_3,Estimated Resident Population - Females - 5-9 years (no.)
2012,4197,ERP_F_3,Estimated Resident Population - Females - 5-9 years (no.)
2013,4217,ERP_F_3,Estimated Resident Population - Females - 5-9 years (no.)
2009,4682,ERP_F_4,Estimated Resident Population - Females - 10-14 years (no.)
2010,4581,ERP_F_4,Estimated Resident Population - Females - 10-14 years (no.)
2011,4523,ERP_F_4,Estimated Resident Population - Females - 10-14 years (no.)
2012,4419,ERP_F_4,Estimated Resident Population - Females - 10-14 years (no.)
2013,4386,ERP_F_4,Estimated Resident Population - Females - 10-14 years (no.)
2009,4830,ERP_F_5,Estimated Resident Population - Females - 15-19 years (no.)
2010,4900,ERP_F_5,Estimated Resident Population - Females - 15-19 years (no.)
2011,4783,ERP_F_5,Estimated Resident Population - Females - 15-19 years (no.)
2012,4761,ERP_F_5,Estimated Resident Population - Females - 15-19 years (no.)
2013,4713,ERP_F_5,Estimated Resident Population - Females - 15-19 years (no.)
2009,4273,ERP_F_6,Estimated Resident Population - Females - 20-24 years (no.)
2010,4257,ERP_F_6,Estimated Resident Population - Females - 20-24 years (no.)
2011,4387,ERP_F_6,Estimated Resident Population - Females - 20-24 years (no.)
2012,4362,ERP_F_6,Estimated Resident Population - Females - 20-24 years (no.)
2013,4294,ERP_F_6,Estimated Resident Population - Females - 20-24 years (no.)
2009,4026,ERP_F_7,Estimated Resident Population - Females - 25-29 years (no.)
2010,4173,ERP_F_7,Estimated Resident Population - Females - 25-29 years (no.)
2011,4084,ERP_F_7,Estimated Resident Population - Females - 25-29 years (no.)
2012,3991,ERP_F_7,Estimated Resident Population - Females - 25-29 years (no.)
2013,3973,ERP_F_7,Estimated Resident Population - Females - 25-29 years (no.)
2009,3914,ERP_F_8,Estimated Resident Population - Females - 30-34 years (no.)
2010,3870,ERP_F_8,Estimated Resident Population - Females - 30-34 years (no.)
2011,3927,ERP_F_8,Estimated Resident Population - Females - 30-34 years (no.)
2012,3979,ERP_F_8,Estimated Resident Population - Females - 30-34 years (no.)
2013,3967,ERP_F_8,Estimated Resident Population - Females - 30-34 years (no.)
2009,4832,ERP_F_9,Estimated Resident Population - Females - 35-39 years (no.)
2010,4758,ERP_F_9,Estimated Resident Population - Females - 35-39 years (no.)
2011,4550,ERP_F_9,Estimated Resident Population - Females - 35-39 years (no.)
2012,4260,ERP_F_9,Estimated Resident Population - Females - 35-39 years (no.)
2013,4085,ERP_F_9,Estimated Resident Population - Females - 35-39 years (no.)
2009,4817,ERP_F_10,Estimated Resident Population - Females - 40-44 years (no.)
2010,4856,ERP_F_10,Estimated Resident Population - Females - 40-44 years (no.)
2011,4965,ERP_F_10,Estimated Resident Population - Females - 40-44 years (no.)
2012,4990,ERP_F_10,Estimated Resident Population - Females - 40-44 years (no.)
2013,4939,ERP_F_10,Estimated Resident Population - Females - 40-44 years (no.)
2009,5328,ERP_F_11,Estimated Resident Population - Females - 45-49 years (no.)
2010,5156,ERP_F_11,Estimated Resident Population - Females - 45-49 years (no.)
2011,5050,ERP_F_11,Estimated Resident Population - Females - 45-49 years (no.)
2012,4910,ERP_F_11,Estimated Resident Population - Females - 45-49 years (no.)
2013,4862,ERP_F_11,Estimated Resident Population - Females - 45-49 years (no.)
2009,5056,ERP_F_12,Estimated Resident Population - Females - 50-54 years (no.)
2010,5186,ERP_F_12,Estimated Resident Population - Females - 50-54 years (no.)
2011,5261,ERP_F_12,Estimated Resident Population - Females - 50-54 years (no.)
2012,5321,ERP_F_12,Estimated Resident Population - Females - 50-54 years (no.)
2013,5297,ERP_F_12,Estimated Resident Population - Females - 50-54 years (no.)
2009,4709,ERP_F_13,Estimated Resident Population - Females - 55-59 years (no.)
2010,4790,ERP_F_13,Estimated Resident Population - Females - 55-59 years (no.)
2011,4886,ERP_F_13,Estimated Resident Population - Females - 55-59 years (no.)
2012,4975,ERP_F_13,Estimated Resident Population - Females - 55-59 years (no.)
2013,5108,ERP_F_13,Estimated Resident Population - Females - 55-59 years (no.)
2009,4460,ERP_F_14,Estimated Resident Population - Females - 60-64 years (no.)
2010,4523,ERP_F_14,Estimated Resident Population - Females - 60-64 years (no.)
2011,4627,ERP_F_14,Estimated Resident Population - Females - 60-64 years (no.)
2012,4599,ERP_F_14,Estimated Resident Population - Females - 60-64 years (no.)
2013,4698,ERP_F_14,Estimated Resident Population - Females - 60-64 years (no.)
2009,3379,ERP_F_15,Estimated Resident Population - Females - 65-69 years (no.)
2010,3576,ERP_F_15,Estimated Resident Population - Females - 65-69 years (no.)
2011,3750,ERP_F_15,Estimated Resident Population - Females - 65-69 years (no.)
2012,3994,ERP_F_15,Estimated Resident Population - Females - 65-69 years (no.)
2013,4130,ERP_F_15,Estimated Resident Population - Females - 65-69 years (no.)
2009,2711,ERP_F_16,Estimated Resident Population - Females - 70-74 years (no.)
2010,2810,ERP_F_16,Estimated Resident Population - Females - 70-74 years (no.)
2011,2864,ERP_F_16,Estimated Resident Population - Females - 70-74 years (no.)
2012,3006,ERP_F_16,Estimated Resident Population - Females - 70-74 years (no.)
2013,3114,ERP_F_16,Estimated Resident Population - Females - 70-74 years (no.)
2009,2267,ERP_F_17,Estimated Resident Population - Females - 75-79 years (no.)
2010,2216,ERP_F_17,Estimated Resident Population - Females - 75-79 years (no.)
2011,2276,ERP_F_17,Estimated Resident Population - Females - 75-79 years (no.)
2012,2358,ERP_F_17,Estimated Resident Population - Females - 75-79 years (no.)
2013,2413,ERP_F_17,Estimated Resident Population - Females - 75-79 years (no.)
2009,1801,ERP_F_18,Estimated Resident Population - Females - 80-84 years (no.)
2010,1812,ERP_F_18,Estimated Resident Population - Females - 80-84 years (no.)
2011,1839,ERP_F_18,Estimated Resident Population - Females - 80-84 years (no.)
2012,1837,ERP_F_18,Estimated Resident Population - Females - 80-84 years (no.)
2013,1813,ERP_F_18,Estimated Resident Population - Females - 80-84 years (no.)
2009,1817,ERP_F_19,Estimated Resident Population - Females - 85 and over (no.)
2010,1871,ERP_F_19,Estimated Resident Population - Females - 85 and over (no.)
2011,1932,ERP_F_19,Estimated Resident Population - Females - 85 and over (no.)
2012,1914,ERP_F_19,Estimated Resident Population - Females - 85 and over (no.)
2013,1973,ERP_F_19,Estimated Resident Population - Females - 85 and over (no.)
2009,71623,ERP_F_20,Estimated Resident Population - Females - Total (no.)
2010,71956,ERP_F_20,Estimated Resident Population - Females - Total (no.)
2011,72157,ERP_F_20,Estimated Resident Population - Females - Total (no.)
2012,72034,ERP_F_20,Estimated Resident Population - Females - Total (no.)
2013,72090,ERP_F_20,Estimated Resident Population - Females - Total (no.)
2009,9017,ERP_P_2,Estimated Resident Population - Persons - 0-4 years (no.)
2010,9044,ERP_P_2,Estimated Resident Population - Persons - 0-4 years (no.)
2011,8764,ERP_P_2,Estimated Resident Population - Persons - 0-4 years (no.)
2012,8659,ERP_P_2,Estimated Resident Population - Persons - 0-4 years (no.)
2013,8539,ERP_P_2,Estimated Resident Population - Persons - 0-4 years (no.)
2009,8730,ERP_P_3,Estimated Resident Population - Persons - 5-9 years (no.)
2010,8515,ERP_P_3,Estimated Resident Population - Persons - 5-9 years (no.)
2011,8607,ERP_P_3,Estimated Resident Population - Persons - 5-9 years (no.)
2012,8517,ERP_P_3,Estimated Resident Population - Persons - 5-9 years (no.)
2013,8661,ERP_P_3,Estimated Resident Population - Persons - 5-9 years (no.)
2009,9752,ERP_P_4,Estimated Resident Population - Persons - 10-14 years (no.)
2010,9571,ERP_P_4,Estimated Resident Population - Persons - 10-14 years (no.)
2011,9389,ERP_P_4,Estimated Resident Population - Persons - 10-14 years (no.)
2012,9203,ERP_P_4,Estimated Resident Population - Persons - 10-14 years (no.)
2013,9038,ERP_P_4,Estimated Resident Population - Persons - 10-14 years (no.)
2009,9921,ERP_P_5,Estimated Resident Population - Persons - 15-19 years (no.)
2010,10055,ERP_P_5,Estimated Resident Population - Persons - 15-19 years (no.)
2011,9992,ERP_P_5,Estimated Resident Population - Persons - 15-19 years (no.)
2012,9925,ERP_P_5,Estimated Resident Population - Persons - 15-19 years (no.)
2013,9814,ERP_P_5,Estimated Resident Population - Persons - 15-19 years (no.)
2009,8853,ERP_P_6,Estimated Resident Population - Persons - 20-24 years (no.)
2010,8893,ERP_P_6,Estimated Resident Population - Persons - 20-24 years (no.)
2011,8944,ERP_P_6,Estimated Resident Population - Persons - 20-24 years (no.)
2012,8934,ERP_P_6,Estimated Resident Population - Persons - 20-24 years (no.)
2013,8925,ERP_P_6,Estimated Resident Population - Persons - 20-24 years (no.)
2009,7948,ERP_P_7,Estimated Resident Population - Persons - 25-29 years (no.)
2010,8188,ERP_P_7,Estimated Resident Population - Persons - 25-29 years (no.)
2011,8154,ERP_P_7,Estimated Resident Population - Persons - 25-29 years (no.)
2012,7984,ERP_P_7,Estimated Resident Population - Persons - 25-29 years (no.)
2013,7834,ERP_P_7,Estimated Resident Population - Persons - 25-29 years (no.)
2009,7782,ERP_P_8,Estimated Resident Population - Persons - 30-34 years (no.)
2010,7694,ERP_P_8,Estimated Resident Population - Persons - 30-34 years (no.)
2011,7697,ERP_P_8,Estimated Resident Population - Persons - 30-34 years (no.)
2012,7777,ERP_P_8,Estimated Resident Population - Persons - 30-34 years (no.)
2013,7804,ERP_P_8,Estimated Resident Population - Persons - 30-34 years (no.)
2009,9391,ERP_P_9,Estimated Resident Population - Persons - 35-39 years (no.)
2010,9139,ERP_P_9,Estimated Resident Population - Persons - 35-39 years (no.)
2011,8754,ERP_P_9,Estimated Resident Population - Persons - 35-39 years (no.)
2012,8272,ERP_P_9,Estimated Resident Population - Persons - 35-39 years (no.)
2013,7990,ERP_P_9,Estimated Resident Population - Persons - 35-39 years (no.)
2009,9519,ERP_P_10,Estimated Resident Population - Persons - 40-44 years (no.)
2010,9620,ERP_P_10,Estimated Resident Population - Persons - 40-44 years (no.)
2011,9754,ERP_P_10,Estimated Resident Population - Persons - 40-44 years (no.)
2012,9832,ERP_P_10,Estimated Resident Population - Persons - 40-44 years (no.)
2013,9708,ERP_P_10,Estimated Resident Population - Persons - 40-44 years (no.)
2009,10471,ERP_P_11,Estimated Resident Population - Persons - 45-49 years (no.)
2010,10183,ERP_P_11,Estimated Resident Population - Persons - 45-49 years (no.)
2011,10031,ERP_P_11,Estimated Resident Population - Persons - 45-49 years (no.)
2012,9726,ERP_P_11,Estimated Resident Population - Persons - 45-49 years (no.)
2013,9611,ERP_P_11,Estimated Resident Population - Persons - 45-49 years (no.)
2009,10146,ERP_P_12,Estimated Resident Population - Persons - 50-54 years (no.)
2010,10448,ERP_P_12,Estimated Resident Population - Persons - 50-54 years (no.)
2011,10517,ERP_P_12,Estimated Resident Population - Persons - 50-54 years (no.)
2012,10510,ERP_P_12,Estimated Resident Population - Persons - 50-54 years (no.)
2013,10373,ERP_P_12,Estimated Resident Population - Persons - 50-54 years (no.)
2009,9478,ERP_P_13,Estimated Resident Population - Persons - 55-59 years (no.)
2010,9541,ERP_P_13,Estimated Resident Population - Persons - 55-59 years (no.)
2011,9792,ERP_P_13,Estimated Resident Population - Persons - 55-59 years (no.)
2012,9904,ERP_P_13,Estimated Resident Population - Persons - 55-59 years (no.)
2013,10127,ERP_P_13,Estimated Resident Population - Persons - 55-59 years (no.)
2009,8981,ERP_P_14,Estimated Resident Population - Persons - 60-64 years (no.)
2010,9215,ERP_P_14,Estimated Resident Population - Persons - 60-64 years (no.)
2011,9431,ERP_P_14,Estimated Resident Population - Persons - 60-64 years (no.)
2012,9392,ERP_P_14,Estimated Resident Population - Persons - 60-64 years (no.)
2013,9443,ERP_P_14,Estimated Resident Population - Persons - 60-64 years (no.)
2009,6813,ERP_P_15,Estimated Resident Population - Persons - 65-69 years (no.)
2010,7184,ERP_P_15,Estimated Resident Population - Persons - 65-69 years (no.)
2011,7580,ERP_P_15,Estimated Resident Population - Persons - 65-69 years (no.)
2012,8116,ERP_P_15,Estimated Resident Population - Persons - 65-69 years (no.)
2013,8517,ERP_P_15,Estimated Resident Population - Persons - 65-69 years (no.)
2009,5306,ERP_P_16,Estimated Resident Population - Persons - 70-74 years (no.)
2010,5527,ERP_P_16,Estimated Resident Population - Persons - 70-74 years (no.)
2011,5660,ERP_P_16,Estimated Resident Population - Persons - 70-74 years (no.)
2012,5948,ERP_P_16,Estimated Resident Population - Persons - 70-74 years (no.)
2013,6145,ERP_P_16,Estimated Resident Population - Persons - 70-74 years (no.)
2009,4237,ERP_P_17,Estimated Resident Population - Persons - 75-79 years (no.)
2010,4216,ERP_P_17,Estimated Resident Population - Persons - 75-79 years (no.)
2011,4296,ERP_P_17,Estimated Resident Population - Persons - 75-79 years (no.)
2012,4424,ERP_P_17,Estimated Resident Population - Persons - 75-79 years (no.)
2013,4547,ERP_P_17,Estimated Resident Population - Persons - 75-79 years (no.)
2009,3189,ERP_P_18,Estimated Resident Population - Persons - 80-84 years (no.)
2010,3231,ERP_P_18,Estimated Resident Population - Persons - 80-84 years (no.)
2011,3299,ERP_P_18,Estimated Resident Population - Persons - 80-84 years (no.)
2012,3346,ERP_P_18,Estimated Resident Population - Persons - 80-84 years (no.)
2013,3323,ERP_P_18,Estimated Resident Population - Persons - 80-84 years (no.)
2009,2734,ERP_P_19,Estimated Resident Population - Persons - 85 and over (no.)
2010,2844,ERP_P_19,Estimated Resident Population - Persons - 85 and over (no.)
2011,2970,ERP_P_19,Estimated Resident Population - Persons - 85 and over (no.)
2012,3000,ERP_P_19,Estimated Resident Population - Persons - 85 and over (no.)
2013,3145,ERP_P_19,Estimated Resident Population - Persons - 85 and over (no.)
2009,142268,ERP_P_20,Estimated Resident Population - Persons - Total (no.)
2010,143108,ERP_P_20,Estimated Resident Population - Persons - Total (no.)
2011,143631,ERP_P_20,Estimated Resident Population - Persons - Total (no.)
2012,143469,ERP_P_20,Estimated Resident Population - Persons - Total (no.)
2013,143544,ERP_P_20,Estimated Resident Population - Persons - Total (no.)
2009,65,ERP_18,"Estimated Resident Population - Working Age Population (aged 15-64 years), ERP at 30 June (% of total) (%)"
2010,65,ERP_18,"Estimated Resident Population - Working Age Population (aged 15-64 years), ERP at 30 June (% of total) (%)"
2011,64.8,ERP_18,"Estimated Resident Population - Working Age Population (aged 15-64 years), ERP at 30 June (% of total) (%)"
2012,64.3,ERP_18,"Estimated Resident Population - Working Age Population (aged 15-64 years), ERP at 30 June (% of total) (%)"
2013,63.8,ERP_18,"Estimated Resident Population - Working Age Population (aged 15-64 years), ERP at 30 June (% of total) (%)"
2009,39.9,ERP_19,"Estimated Resident Population - Median Age - Usual Residents, ERP at 30 June (years)"
2010,40.2,ERP_19,"Estimated Resident Population - Median Age - Usual Residents, ERP at 30 June (years)"
2011,40.7,ERP_19,"Estimated Resident Population - Median Age - Usual Residents, ERP at 30 June (years)"
2012,41.3,ERP_19,"Estimated Resident Population - Median Age - Usual Residents, ERP at 30 June (years)"
2013,41.7,ERP_19,"Estimated Resident Population - Median Age - Usual Residents, ERP at 30 June (years)"
2009,1793,BD_2,Births and Deaths - Births (no.)
2010,1700,BD_2,Births and Deaths - Births (no.)
2011,1843,BD_2,Births and Deaths - Births (no.)
2012,1625,BD_2,Births and Deaths - Births (no.)
2013,1647,BD_2,Births and Deaths - Births (no.)
2009,2.1,BD_3,Births and Deaths - Total fertility rate ( per female) (rate)
2010,2.1,BD_3,Births and Deaths - Total fertility rate ( per female) (rate)
2011,2.1,BD_3,Births and Deaths - Total fertility rate ( per female) (rate)
2012,2.1,BD_3,Births and Deaths - Total fertility rate ( per female) (rate)
2013,2.1,BD_3,Births and Deaths - Total fertility rate ( per female) (rate)
2009,1187,BD_4,Births and Deaths - Deaths (no.)
2010,1194,BD_4,Births and Deaths - Deaths (no.)
2011,1246,BD_4,Births and Deaths - Deaths (no.)
2012,1258,BD_4,Births and Deaths - Deaths (no.)
2013,1263,BD_4,Births and Deaths - Deaths (no.)
2009,6.8,BD_5,"Births and Deaths - Standardised death rate (per 1,000 population) (rate)"
2010,6.7,BD_5,"Births and Deaths - Standardised death rate (per 1,000 population) (rate)"
2011,6.6,BD_5,"Births and Deaths - Standardised death rate (per 1,000 population) (rate)"
2012,6.5,BD_5,"Births and Deaths - Standardised death rate (per 1,000 population) (rate)"
2013,6.5,BD_5,"Births and Deaths - Standardised death rate (per 1,000 population) (rate)"
2009,7.1,ERP_21,Population Density  - Population density (ERP at 30 June) (persons/km2)
2010,7.2,ERP_21,Population Density  - Population density (ERP at 30 June) (persons/km2)
2011,7.2,ERP_21,Population Density  - Population density (ERP at 30 June) (persons/km2)
2012,7.2,ERP_21,Population Density  - Population density (ERP at 30 June) (persons/km2)
2013,7.2,ERP_21,Population Density  - Population density (ERP at 30 June) (persons/km2)
2011,2.9,ATSI_2,Aboriginal and Torres Strait Islander Peoples - Proportion of total population (%)
2011,1.2,BORN_OSEAS_2,Overseas Born Population: Percentage of Total Population - Born in Oceania (excl. Aust) and Antarctica (%)
2011,6.1,BORN_OSEAS_3,Overseas Born Population: Percentage of Total Population - Born in North-West Europe (%)
2011,0.7,BORN_OSEAS_4,Overseas Born Population: Percentage of Total Population - Born in Southern and Eastern Europe (%)
2011,0.2,BORN_OSEAS_5,Overseas Born Population: Percentage of Total Population - Born in North Africa and the Middle East (%)
2011,0.9,BORN_OSEAS_6,Overseas Born Population: Percentage of Total Population - Born in South-East Asia (%)
2011,0.5,BORN_OSEAS_7,Overseas Born Population: Percentage of Total Population - Born in North-East Asia (%)
2011,0.6,BORN_OSEAS_8,Overseas Born Population: Percentage of Total Population - Born in Southern and Central Asia (%)
2011,0.5,BORN_OSEAS_9,Overseas Born Population: Percentage of Total Population - Born in Americas (%)
2011,0.6,BORN_OSEAS_10,Overseas Born Population: Percentage of Total Population - Born in Sub-Saharan Africa (%)
2011,15.8,BORN_OSEAS_11,Overseas Born Population: Percentage of Total Population - Total born overseas (%)
2011,3.9,LANG_2,Speaks a Language Other Than English at Home - Percentage of total population (%)
2011,49.2,SCHOOL_2,Persons with Post School Qualifications - Percentage of total population aged 15 years and over (%)
2011,1.8,SCHOOL_3,Persons with Post School Qualifications - With Postgraduate Degree (%)
2011,1.2,SCHOOL_4,Persons with Post School Qualifications - With Graduate Diploma/Graduate Certificate (%)
2011,9.4,SCHOOL_5,Persons with Post School Qualifications - With Bachelor Degree (%)
2011,6.4,SCHOOL_6,Persons with Post School Qualifications - With Advanced Diploma/Diploma (%)
2011,20.5,SCHOOL_7,Persons with Post School Qualifications - With Certificate (%)
2011,9.9,SCHOOL_8,Persons with Post School Qualifications - Inadequately described/Not stated (%)
2011,12.9,EMP_OCC_2,Occupation of Employed Persons - Managers (%)
2011,17,EMP_OCC_3,Occupation of Employed Persons - Professionals (%)
2011,15.1,EMP_OCC_4,Occupation of Employed Persons - Technicians and trades workers (%)
2011,11.1,EMP_OCC_5,Occupation of Employed Persons - Community and personal service workers (%)
2011,12.7,EMP_OCC_6,Occupation of Employed Persons - Clerical and administrative workers (%)
2011,10.3,EMP_OCC_7,Occupation of Employed Persons - Sales workers (%)
2011,7.8,EMP_OCC_8,Occupation of Employed Persons - Machinery operators and drivers (%)
2011,11.8,EMP_OCC_9,Occupation of Employed Persons - Labourers (%)
2011,1.4,EMP_OCC_10,Occupation of Employed Persons - Inadequately described/Not stated (%)
2011,16,WORK_TRAV_3,Method of Travel to Work - Used one method - Train or tram (no.)
2011,681,WORK_TRAV_4,Method of Travel to Work - Used one method - Bus (no.)
2011,42912,WORK_TRAV_5,Method of Travel to Work - Used one method - Car (as driver or passenger) (no.)
2011,328,WORK_TRAV_6,Method of Travel to Work - Used one method - Motor bike/scooter (no.)
2011,295,WORK_TRAV_7,Method of Travel to Work - Used one method - Bicycle (no.)
2011,1136,WORK_TRAV_8,Method of Travel to Work - Used one method - Other (inc. taxis) (no.)
2011,2834,WORK_TRAV_9,Method of Travel to Work - Used one method - Walked only (no.)
2011,48202,WORK_TRAV_10,Method of Travel to Work - Used one method - Total - used one method (no.)
2011,544,WORK_TRAV_12,Method of Travel to Work - Total - used more than one method (no. )
2011,2929,WORK_TRAV_14,Method of Travel to Work - Worked from home (no.)
2011,7268,WORK_TRAV_15,Method of Travel to Work - Employed but did not go to work (no.)
2011,819,WORK_TRAV_16,Method of Travel to Work - Method of travel not stated (no.)
2011,59762,WORK_TRAV_17,Method of Travel to Work - Total employed (no.)
2011,15391,HHTYPE_2,Households by Type - Lone person households (no.)
2011,1787,HHTYPE_3,Households by Type - Group households (no.)
2011,36821,HHTYPE_4,Households by Type - Family households (no.)
2011,53999,HHTYPE_5,Households by Type - Total households (no.)
2011,2.4,HHTYPE_6,Households by Type - Average household size - Census 2011 (no. of persons)
2011,12183,FAMILY_2,Families by Type - Couple families with children under 15 and/or dependent students (no.)
2011,2500,FAMILY_3,Families by Type - Couple families with non-dependent children only (no.)
2011,15962,FAMILY_4,Families by Type - Couple families without children (no.)
2011,4379,FAMILY_5,Families by Type - One parent families with children under 15 and/or dependent students (no.)
2011,1714,FAMILY_6,Families by Type - One parent families with non-dependent children only (no.)
2011,502,FAMILY_7,Families by Type - Other families (no.)
2011,37240,FAMILY_8,Families by Type - Total families (no.)
2011,2.9,FAMILY_9,Families by Type - Average family size (no. of persons)
2011,12.8,MIG_2,Internal Migration - Persons who lived at different address 1 year ago (%)
2011,31.9,MIG_3,Internal Migration - Persons who lived at different address 5 years ago (%)
2011,19.6,UNPAIDW_2,Unpaid Work: Percentage of Total Population Aged 15 Years and Over - Persons undertaking voluntary work for an organisation or group (%)
2011,19.2,UNPAIDW_3,Unpaid Work: Percentage of Total Population Aged 15 Years and Over - Persons caring for own children without pay (%)
2011,7.1,UNPAIDW_4,Unpaid Work: Percentage of Total Population Aged 15 Years and Over - Persons caring for other children without pay (%)
2011,0.9,UNPAIDW_5,Unpaid Work: Percentage of Total Population Aged 15 Years and Over - Persons caring for own children and other children without pay (%)
2011,11.4,UNPAIDW_6,"Unpaid Work: Percentage of Total Population Aged 15 Years and Over - Persons providing unpaid care, help or assistance to family, others (%)"
2011,60,INTERNET_2,Access to Internet at Home - With broadband connection (%)
2011,3.6,INTERNET_3,Access to Internet at Home - With dial-up connection (%)
2011,4.2,INTERNET_4,Access to Internet at Home - Other connection (%)
2011,67.8,INTERNET_5,Access to Internet at Home - Proportion of all occupied private dwellings (%)
2009,560.6,MVC_3,Registered Motor Vehicles - Passenger vehicles (per 1000)
2010,568.7,MVC_3,Registered Motor Vehicles - Passenger vehicles (per 1000)
2011,575.3,MVC_3,Registered Motor Vehicles - Passenger vehicles (per 1000)
2012,593.7,MVC_3,Registered Motor Vehicles - Passenger vehicles (per 1000)
2013,586.1,MVC_3,Registered Motor Vehicles - Passenger vehicles (per 1000)
2009,7.9,MVC_4,Registered Motor Vehicles - Campervans (per 1000)
2010,8.1,MVC_4,Registered Motor Vehicles - Campervans (per 1000)
2011,8.4,MVC_4,Registered Motor Vehicles - Campervans (per 1000)
2012,8.7,MVC_4,Registered Motor Vehicles - Campervans (per 1000)
2013,8.7,MVC_4,Registered Motor Vehicles - Campervans (per 1000)
2009,169.6,MVC_5,Registered Motor Vehicles - Light commercial vehicles (per 1000)
2010,174.7,MVC_5,Registered Motor Vehicles - Light commercial vehicles (per 1000)
2011,178.6,MVC_5,Registered Motor Vehicles - Light commercial vehicles (per 1000)
2012,186.5,MVC_5,Registered Motor Vehicles - Light commercial vehicles (per 1000)
2013,183.5,MVC_5,Registered Motor Vehicles - Light commercial vehicles (per 1000)
2009,5.3,MVC_6,Registered Motor Vehicles - Light rigid trucks (per 1000)
2010,5.5,MVC_6,Registered Motor Vehicles - Light rigid trucks (per 1000)
2011,5.5,MVC_6,Registered Motor Vehicles - Light rigid trucks (per 1000)
2012,6,MVC_6,Registered Motor Vehicles - Light rigid trucks (per 1000)
2013,5.9,MVC_6,Registered Motor Vehicles - Light rigid trucks (per 1000)
2009,17.9,MVC_7,Registered Motor Vehicles - Heavy rigid trucks (per 1000)
2010,18.2,MVC_7,Registered Motor Vehicles - Heavy rigid trucks (per 1000)
2011,18.4,MVC_7,Registered Motor Vehicles - Heavy rigid trucks (per 1000)
2012,18.5,MVC_7,Registered Motor Vehicles - Heavy rigid trucks (per 1000)
2013,18.2,MVC_7,Registered Motor Vehicles - Heavy rigid trucks (per 1000)
2009,3.8,MVC_8,Registered Motor Vehicles - Articulated trucks (per 1000)
2010,3.7,MVC_8,Registered Motor Vehicles - Articulated trucks (per 1000)
2011,3.9,MVC_8,Registered Motor Vehicles - Articulated trucks (per 1000)
2012,3.5,MVC_8,Registered Motor Vehicles - Articulated trucks (per 1000)
2013,3.2,MVC_8,Registered Motor Vehicles - Articulated trucks (per 1000)
2009,0.7,MVC_9,Registered Motor Vehicles - Non-freight carrying trucks (per 1000)
2010,0.7,MVC_9,Registered Motor Vehicles - Non-freight carrying trucks (per 1000)
2011,0.7,MVC_9,Registered Motor Vehicles - Non-freight carrying trucks (per 1000)
2012,0.8,MVC_9,Registered Motor Vehicles - Non-freight carrying trucks (per 1000)
2013,0.7,MVC_9,Registered Motor Vehicles - Non-freight carrying trucks (per 1000)
2009,4.8,MVC_10,Registered Motor Vehicles - Buses (per 1000)
2010,5,MVC_10,Registered Motor Vehicles - Buses (per 1000)
2011,5.1,MVC_10,Registered Motor Vehicles - Buses (per 1000)
2012,5.3,MVC_10,Registered Motor Vehicles - Buses (per 1000)
2013,5.3,MVC_10,Registered Motor Vehicles - Buses (per 1000)
2009,31.9,MVC_11,Registered Motor Vehicles - Motorcycles (per 1000)
2010,33.6,MVC_11,Registered Motor Vehicles - Motorcycles (per 1000)
2011,35,MVC_11,Registered Motor Vehicles - Motorcycles (per 1000)
2012,38.2,MVC_11,Registered Motor Vehicles - Motorcycles (per 1000)
2013,39.3,MVC_11,Registered Motor Vehicles - Motorcycles (per 1000)
2009,802.5,MVC_12,Registered Motor Vehicles - Total registered motor vehicles (per 1000)
2010,818.2,MVC_12,Registered Motor Vehicles - Total registered motor vehicles (per 1000)
2011,830.9,MVC_12,Registered Motor Vehicles - Total registered motor vehicles (per 1000)
2012,861.1,MVC_12,Registered Motor Vehicles - Total registered motor vehicles (per 1000)
2013,850.9,MVC_12,Registered Motor Vehicles - Total registered motor vehicles (per 1000)
2009,79755,MVC_14,Registered Motor Vehicles - Passenger vehicles (no.)
2010,81389,MVC_14,Registered Motor Vehicles - Passenger vehicles (no.)
2011,82633,MVC_14,Registered Motor Vehicles - Passenger vehicles (no.)
2012,85179,MVC_14,Registered Motor Vehicles - Passenger vehicles (no.)
2013,84126,MVC_14,Registered Motor Vehicles - Passenger vehicles (no.)
2009,1129,MVC_15,Registered Motor Vehicles - Campervans (no.)
2010,1162,MVC_15,Registered Motor Vehicles - Campervans (no.)
2011,1200,MVC_15,Registered Motor Vehicles - Campervans (no.)
2012,1247,MVC_15,Registered Motor Vehicles - Campervans (no.)
2013,1252,MVC_15,Registered Motor Vehicles - Campervans (no.)
2009,24128,MVC_16,Registered Motor Vehicles - Light commercial vehicles (no.)
2010,24995,MVC_16,Registered Motor Vehicles - Light commercial vehicles (no.)
2011,25650,MVC_16,Registered Motor Vehicles - Light commercial vehicles (no.)
2012,26762,MVC_16,Registered Motor Vehicles - Light commercial vehicles (no.)
2013,26346,MVC_16,Registered Motor Vehicles - Light commercial vehicles (no.)
2009,756,MVC_17,Registered Motor Vehicles - Light rigid trucks (no.)
2010,785,MVC_17,Registered Motor Vehicles - Light rigid trucks (no.)
2011,793,MVC_17,Registered Motor Vehicles - Light rigid trucks (no.)
2012,857,MVC_17,Registered Motor Vehicles - Light rigid trucks (no.)
2013,844,MVC_17,Registered Motor Vehicles - Light rigid trucks (no.)
2009,2541,MVC_18,Registered Motor Vehicles - Heavy rigid trucks (no.)
2010,2598,MVC_18,Registered Motor Vehicles - Heavy rigid trucks (no.)
2011,2641,MVC_18,Registered Motor Vehicles - Heavy rigid trucks (no.)
2012,2655,MVC_18,Registered Motor Vehicles - Heavy rigid trucks (no.)
2013,2612,MVC_18,Registered Motor Vehicles - Heavy rigid trucks (no.)
2009,546,MVC_19,Registered Motor Vehicles - Articulated trucks (no.)
2010,531,MVC_19,Registered Motor Vehicles - Articulated trucks (no.)
2011,560,MVC_19,Registered Motor Vehicles - Articulated trucks (no.)
2012,501,MVC_19,Registered Motor Vehicles - Articulated trucks (no.)
2013,460,MVC_19,Registered Motor Vehicles - Articulated trucks (no.)
2009,101,MVC_20,Registered Motor Vehicles - Non-freight carrying trucks (no.)
2010,101,MVC_20,Registered Motor Vehicles - Non-freight carrying trucks (no.)
2011,107,MVC_20,Registered Motor Vehicles - Non-freight carrying trucks (no.)
2012,108,MVC_20,Registered Motor Vehicles - Non-freight carrying trucks (no.)
2013,95,MVC_20,Registered Motor Vehicles - Non-freight carrying trucks (no.)
2009,682,MVC_21,Registered Motor Vehicles - Buses (no.)
2010,719,MVC_21,Registered Motor Vehicles - Buses (no.)
2011,733,MVC_21,Registered Motor Vehicles - Buses (no.)
2012,758,MVC_21,Registered Motor Vehicles - Buses (no.)
2013,763,MVC_21,Registered Motor Vehicles - Buses (no.)
2009,4532,MVC_22,Registered Motor Vehicles - Motorcycles (no.)
2010,4812,MVC_22,Registered Motor Vehicles - Motorcycles (no.)
2011,5020,MVC_22,Registered Motor Vehicles - Motorcycles (no.)
2012,5477,MVC_22,Registered Motor Vehicles - Motorcycles (no.)
2013,5643,MVC_22,Registered Motor Vehicles - Motorcycles (no.)
2009,114170,MVC_23,Registered Motor Vehicles - Total registered motor vehicles (no.)
2010,117092,MVC_23,Registered Motor Vehicles - Total registered motor vehicles (no.)
2011,119337,MVC_23,Registered Motor Vehicles - Total registered motor vehicles (no.)
2012,123544,MVC_23,Registered Motor Vehicles - Total registered motor vehicles (no.)
2013,122141,MVC_23,Registered Motor Vehicles - Total registered motor vehicles (no.)
2009,23432,MVC_25,Registered Motor Vehicles - Less than 5 years old (no.)
2010,23069,MVC_25,Registered Motor Vehicles - Less than 5 years old (no.)
2011,21993,MVC_25,Registered Motor Vehicles - Less than 5 years old (no.)
2012,21248,MVC_25,Registered Motor Vehicles - Less than 5 years old (no.)
2013,19813,MVC_25,Registered Motor Vehicles - Less than 5 years old (no.)
2009,27234,MVC_26,Registered Motor Vehicles - 5-less than 10 years old (no.)
2010,28860,MVC_26,Registered Motor Vehicles - 5-less than 10 years old (no.)
2011,29903,MVC_26,Registered Motor Vehicles - 5-less than 10 years old (no.)
2012,31240,MVC_26,Registered Motor Vehicles - 5-less than 10 years old (no.)
2013,30516,MVC_26,Registered Motor Vehicles - 5-less than 10 years old (no.)
2009,63491,MVC_27,Registered Motor Vehicles - 10 years or older (no.)
2010,65152,MVC_27,Registered Motor Vehicles - 10 years or older (no.)
2011,67429,MVC_27,Registered Motor Vehicles - 10 years or older (no.)
2012,71038,MVC_27,Registered Motor Vehicles - 10 years or older (no.)
2013,71810,MVC_27,Registered Motor Vehicles - 10 years or older (no.)
2009,94713,MVC_29,Registered Motor Vehicles - Petrol (no.)
2010,96031,MVC_29,Registered Motor Vehicles - Petrol (no.)
2011,96879,MVC_29,Registered Motor Vehicles - Petrol (no.)
2012,99223,MVC_29,Registered Motor Vehicles - Petrol (no.)
2013,97444,MVC_29,Registered Motor Vehicles - Petrol (no.)
2009,18203,MVC_30,Registered Motor Vehicles - Diesel (no.)
2010,19762,MVC_30,Registered Motor Vehicles - Diesel (no.)
2011,21111,MVC_30,Registered Motor Vehicles - Diesel (no.)
2012,22914,MVC_30,Registered Motor Vehicles - Diesel (no.)
2013,23442,MVC_30,Registered Motor Vehicles - Diesel (no.)
2009,1249,MVC_31,Registered Motor Vehicles - LPG/Dual/Other (no.)
2010,1296,MVC_31,Registered Motor Vehicles - LPG/Dual/Other (no.)
2011,1336,MVC_31,Registered Motor Vehicles - LPG/Dual/Other (no.)
2012,1400,MVC_31,Registered Motor Vehicles - LPG/Dual/Other (no.)
2013,1252,MVC_31,Registered Motor Vehicles - LPG/Dual/Other (no.)
2011,751935,AGRIC_3,Agricultural Commodities - Area of holding - Total area (ha)
2011,15961,AGRIC_4,Agricultural Commodities - Broadacre crops - Cereal crops for grain or seed - Total area (ha)
2011,6220,AGRIC_5,Agricultural Commodities - Vegetables for human consumption - Total area (ha)
2011,401,AGRIC_6,Agricultural Commodities - Fruit and nuts - Orchard fruit and nut trees - Total area (ha)
2011,470,AGRIC_7,Agricultural Commodities - Fruit and nuts - Other fruit - Total area of all fruit (excluding grapes) (ha)
2011,0,AGRIC_8,Agricultural Commodities - Broadacre crops - Non cereal (excluding nurseries) (ha)
2011,84792,AGRIC_10,Agricultural Commodities - Dairy cattle - Total (no.)
2011,206984,AGRIC_11,Agricultural Commodities - Total meat cattle - Total (no.)
2011,1205974,AGRIC_12,Agricultural Commodities - Sheep - Total (no.)
2011,9282,AGRIC_13,Agricultural Commodities - Pigs - Total (no.)
2011,451.8,AGRIC_15,Gross Value of Agricultural Production - Agricultural production  - Total gross value ($m)
2011,179.7,AGRIC_16,Gross Value of Agricultural Production - Crops - Total gross value ($m)
2011,104.5,AGRIC_17,Gross Value of Agricultural Production - Livestock - Livestock slaughtered and other disposals - Total gross value ($m)
2011,167.5,AGRIC_18,Gross Value of Agricultural Production - Livestock - Livestock products - Total gross value ($m)
2011,5.6,EMP_IND_2,"Employed by Industry - Agriculture, forestry and fishing (%)"
2011,0.9,EMP_IND_3,Employed by Industry - Mining (%)
2011,10.1,EMP_IND_4,Employed by Industry - Manufacturing  (%)
2011,1.4,EMP_IND_5,"Employed by Industry - Electricity, gas, water and waste services (%)"
2011,7.5,EMP_IND_6,Employed by Industry - Construction (%)
2011,3.8,EMP_IND_7,Employed by Industry - Wholesale trade (%)
2011,11.6,EMP_IND_8,Employed by Industry - Retail trade (%)
2011,7.5,EMP_IND_9,Employed by Industry - Accommodation and food services (%)
2011,4.7,EMP_IND_10,"Employed by Industry - Transport, postal and warehousing (%)"
2011,1.2,EMP_IND_11,Employed by Industry - Information media and telecommunications (%)
2011,2.8,EMP_IND_12,Employed by Industry - Financial and insurance services (%)
2011,1.3,EMP_IND_13,"Employed by Industry - Rental, hiring and real estate services (%)"
2011,3.8,EMP_IND_14,"Employed by Industry - Professional, scientific and technical services (%)"
2011,2.7,EMP_IND_15,Employed by Industry - Administrative and support services (%)
2011,6.5,EMP_IND_16,Employed by Industry - Public administration and safety (%)
2011,9.1,EMP_IND_17,Employed by Industry - Education and training (%)
2011,11.9,EMP_IND_18,Employed by Industry - Health care and social assistance (%)
2011,1.5,EMP_IND_19,Employed by Industry - Arts and recreation services (%)
2011,3.7,EMP_IND_20,Employed by Industry - Other services (%)
2011,59761,EMP_IND_21,Employed by Industry - Total employed (no.)
2011,1997503.8,LAND,Land Area (Ha)
2011,751935.1,WATER_2,Water Use on Australian Farms - Area of agricultural land (ha '000)
2011,43440.5,WATER_3,Water Use on Australian Farms - Area irrigated (ha '000)
2011,89595.3,WATER_4,Water Use on Australian Farms - Volume of water applied (ML)
2011,12977.8,WATER_5,Water Use on Australian Farms - Water for other agricultural uses (ML)
2011,102573.1,WATER_6,Water Use on Australian Farms - Total water use (ML)
2011,2.1,WATER_7,Water Use on Australian Farms - Application rate - Total area watered and used (ML/ha)
2010,785,ENERGY_2,Energy Supply and Generation - Residential dwellings - Generating meters (no.)
2011,1255,ENERGY_2,Energy Supply and Generation - Residential dwellings - Generating meters (no.)
2012,2652,ENERGY_2,Energy Supply and Generation - Residential dwellings - Generating meters (no.)
2010,53081,ENERGY_3,Energy Supply and Generation - Residential dwellings - Non-generating meters (no.)
2011,53220,ENERGY_3,Energy Supply and Generation - Residential dwellings - Non-generating meters (no.)
2012,52598,ENERGY_3,Energy Supply and Generation - Residential dwellings - Non-generating meters (no.)
2010,53866,ENERGY_4,Energy Supply and Generation - Residential dwellings - Total (no.)
2011,54475,ENERGY_4,Energy Supply and Generation - Residential dwellings - Total (no.)
2012,55250,ENERGY_4,Energy Supply and Generation - Residential dwellings - Total (no.)
2010,1.5,ENERGY_5,Energy Supply and Generation - Residential dwellings - Percentage of metered dwellings that generate electricity (%)
2011,2.3,ENERGY_5,Energy Supply and Generation - Residential dwellings - Percentage of metered dwellings that generate electricity (%)
2012,4.8,ENERGY_5,Energy Supply and Generation - Residential dwellings - Percentage of metered dwellings that generate electricity (%)
2010,6872,ENERGY_7,Median Kilowatt Hours Supplied from Grid - Net meters (no.)
2011,6160,ENERGY_7,Median Kilowatt Hours Supplied from Grid - Net meters (no.)
2012,5900,ENERGY_7,Median Kilowatt Hours Supplied from Grid - Net meters (no.)
2010,7885,ENERGY_9,Median Kilowatt Hours Supplied from Grid - Non-generating meters (no.)
2011,6899,ENERGY_9,Median Kilowatt Hours Supplied from Grid - Non-generating meters (no.)
2012,6484,ENERGY_9,Median Kilowatt Hours Supplied from Grid - Non-generating meters (no.)
